tweet_id,rating_no,numerator,denominator
892420643555336193,0,13.0,10.0
892177421306343426,0,13.0,10.0
891815181378084864,0,12.0,10.0
891689557279858688,0,13.0,10.0
891327558926688256,0,12.0,10.0
891087950875897856,0,13.0,10.0
890971913173991426,0,13.0,10.0
890729181411237888,0,13.0,10.0
890609185150312448,0,13.0,10.0
890240255349198849,0,14.0,10.0
890006608113172480,0,13.0,10.0
889880896479866881,0,13.0,10.0
889665388333682689,0,13.0,10.0
889638837579907072,0,12.0,10.0
889531135344209921,0,13.0,10.0
889278841981685760,0,13.0,10.0
888917238123831296,0,12.0,10.0
888804989199671297,0,13.0,10.0
888554962724278272,0,13.0,10.0
888078434458587136,0,12.0,10.0
887705289381826560,0,13.0,10.0
887517139158093824,0,14.0,10.0
887473957103951883,0,13.0,10.0
887343217045368832,0,13.0,10.0
887101392804085760,0,12.0,10.0
886983233522544640,0,13.0,10.0
886736880519319552,0,13.0,10.0
886680336477933568,0,13.0,10.0
886366144734445568,0,12.0,10.0
886258384151887873,0,13.0,10.0
885984800019947520,0,12.0,10.0
885528943205470208,0,13.0,10.0
885518971528720385,0,14.0,10.0
885167619883638784,0,13.0,10.0
884925521741709313,0,12.0,10.0
884876753390489601,0,13.0,10.0
884562892145688576,0,13.0,10.0
884441805382717440,0,14.0,10.0
884247878851493888,0,13.0,10.0
884162670584377345,0,12.0,10.0
883838122936631299,0,12.0,10.0
883482846933004288,0,13.5,10.0
883360690899218434,0,13.0,10.0
883117836046086144,0,13.0,10.0
882992080364220416,0,13.0,10.0
882762694511734784,0,12.0,10.0
882627270321602560,0,13.0,10.0
882268110199369728,0,13.0,10.0
882045870035918850,0,13.0,10.0
881906580714921986,0,12.0,10.0
881666595344535552,0,13.0,10.0
881536004380872706,0,14.0,10.0
881268444196462592,0,12.0,10.0
880935762899988482,0,13.0,10.0
880872448815771648,0,12.0,10.0
880465832366813184,0,12.0,10.0
880221127280381952,0,12.0,10.0
880095782870896641,0,11.0,10.0
879862464715927552,0,13.0,10.0
879492040517615616,0,12.0,10.0
879415818425184262,0,13.0,10.0
879376492567855104,0,12.0,10.0
879050749262655488,0,11.0,10.0
879008229531029506,0,13.0,10.0
878776093423087618,0,13.0,10.0
878604707211726852,0,13.0,10.0
878281511006478336,0,13.0,10.0
878057613040115712,0,14.0,10.0
877736472329191424,0,13.0,10.0
877556246731214848,0,12.0,10.0
877316821321428993,0,13.0,10.0
877201837425926144,0,12.0,10.0
876838120628539392,0,12.0,10.0
876537666061221889,0,14.0,10.0
876484053909872640,0,13.0,10.0
876120275196170240,0,13.0,10.0
875747767867523072,0,13.0,10.0
875144289856114688,0,13.0,10.0
875097192612077568,0,13.0,10.0
875021211251597312,0,12.0,10.0
874680097055178752,0,12.0,10.0
874296783580663808,0,13.0,10.0
874057562936811520,0,12.0,10.0
874012996292530176,0,13.0,10.0
873580283840344065,0,13.0,10.0
873213775632977920,0,12.0,10.0
872967104147763200,0,12.0,10.0
872820683541237760,0,13.0,10.0
872620804844003328,0,13.0,10.0
872486979161796608,0,12.0,10.0
872261713294495745,0,13.0,10.0
872122724285648897,0,12.0,10.0
871879754684805121,0,13.0,10.0
871762521631449091,0,12.0,10.0
871515927908634625,0,12.0,10.0
871102520638267392,0,14.0,10.0
871032628920680449,0,13.0,10.0
870804317367881728,0,11.0,10.0
870656317836468226,0,13.0,10.0
870374049280663552,0,13.0,10.0
870308999962521604,0,13.0,10.0
870063196459192321,0,14.0,10.0
869772420881756160,0,13.0,10.0
869702957897576449,0,13.0,10.0
869596645499047938,0,12.0,10.0
869227993411051520,0,13.0,10.0
868880397819494401,0,14.0,10.0
868622495443632128,0,13.0,10.0
868552278524837888,0,12.0,10.0
867900495410671616,0,12.0,10.0
867774946302451713,0,13.0,10.0
867421006826221569,0,12.0,10.0
867051520902168576,0,13.0,10.0
866720684873056260,0,13.0,10.0
866686824827068416,0,12.0,10.0
866450705531457537,0,13.0,10.0
866334964761202691,0,12.0,10.0
865718153858494464,0,13.0,10.0
865359393868664832,0,13.0,10.0
865006731092295680,0,13.0,10.0
864873206498414592,0,14.0,10.0
864279568663928832,0,12.0,10.0
864197398364647424,0,13.0,10.0
863907417377173506,0,13.0,10.0
863553081350529029,0,13.0,10.0
863432100342583297,0,12.0,10.0
863062471531167744,0,13.0,10.0
862831371563274240,0,13.0,10.0
862722525377298433,0,11.0,10.0
862457590147678208,0,13.0,10.0
862096992088072192,0,13.0,10.0
861383897657036800,0,13.0,10.0
861288531465048066,0,13.0,10.0
861005113778896900,0,12.0,10.0
860563773140209665,0,13.0,10.0
860524505164394496,0,13.0,10.0
860276583193509888,0,12.0,10.0
860184849394610176,0,14.0,10.0
859924526012018688,0,12.0,10.0
859851578198683649,0,13.0,10.0
859607811541651456,0,13.0,10.0
859196978902773760,0,12.0,10.0
859074603037188101,0,13.0,10.0
858843525470990336,0,13.0,10.0
858471635011153920,0,13.0,10.0
858107933456039936,0,12.0,10.0
857989990357356544,0,12.0,10.0
857746408056729600,0,13.0,10.0
857393404942143489,0,13.0,10.0
857263160327368704,0,13.0,10.0
857029823797047296,0,12.0,10.0
856543823941562368,0,12.0,10.0
856282028240666624,0,14.0,10.0
855857698524602368,0,13.0,10.0
855851453814013952,0,13.0,10.0
855818117272018944,0,13.0,10.0
855459453768019968,0,12.0,10.0
854732716440526848,0,12.0,10.0
854482394044301312,0,13.0,10.0
854365224396361728,0,13.0,10.0
854120357044912130,0,14.0,10.0
854010172552949760,0,11.0,10.0
853760880890318849,0,12.0,10.0
853639147608842240,0,13.0,10.0
853299958564483072,0,13.0,10.0
852912242202992640,0,12.0,10.0
852672615818899456,0,12.0,10.0
852553447878664193,0,13.0,10.0
852311364735569921,0,13.0,10.0
852226086759018497,0,14.0,10.0
852189679701164033,0,12.0,10.0
851591660324737024,0,11.0,10.0
851464819735769094,0,14.0,10.0
851224888060895234,0,13.0,10.0
850753642995093505,0,11.0,10.0
850380195714523136,0,13.0,10.0
850145622816686080,0,11.0,10.0
850019790995546112,0,12.0,10.0
849776966551130114,0,12.0,10.0
849412302885593088,0,12.0,10.0
849336543269576704,0,11.0,10.0
849051919805034497,0,13.0,10.0
848690551926992896,0,12.0,10.0
848324959059550208,0,12.0,10.0
848212111729840128,0,16.0,10.0
847962785489326080,0,20.0,10.0
847842811428974592,0,12.0,10.0
847606175596138505,0,12.0,10.0
847251039262605312,0,12.0,10.0
847157206088847362,0,11.0,10.0
847116187444137987,0,11.0,10.0
846874817362120707,0,13.0,10.0
846514051647705089,0,13.0,10.0
846505985330044928,0,11.0,10.0
846153765933735936,0,13.0,10.0
846139713627017216,0,13.0,10.0
846042936437604353,0,12.0,10.0
845812042753855489,0,13.0,10.0
845677943972139009,0,12.0,10.0
845397057150107648,0,13.0,10.0
845306882940190720,0,12.0,10.0
844973813909606400,0,12.0,10.0
844704788403113984,0,13.0,10.0
844580511645339650,0,11.0,10.0
844223788422217728,0,12.0,10.0
843981021012017153,0,13.0,10.0
843856843873095681,0,12.0,10.0
843604394117681152,0,11.0,10.0
843235543001513987,0,13.0,10.0
842846295480000512,0,13.0,10.0
842765311967449089,0,12.0,10.0
842535590457499648,0,13.0,10.0
842163532590374912,0,12.0,10.0
842115215311396866,0,12.0,10.0
841680585030541313,0,12.0,10.0
841439858740625411,0,14.0,10.0
841320156043304961,0,12.0,10.0
841314665196081154,0,13.0,10.0
841077006473256960,0,12.0,10.0
840696689258311684,0,20.0,10.0
840632337062862849,0,12.0,10.0
840370681858686976,0,13.0,10.0
840268004936019968,0,12.0,10.0
839990271299457024,0,13.0,10.0
839549326359670784,0,12.0,10.0
839239871831150596,0,13.0,10.0
838952994649550848,0,13.0,10.0
838921590096166913,0,13.0,10.0
838561493054533637,0,13.0,10.0
838476387338051585,0,13.0,10.0
838083903487373313,0,13.0,10.0
837820167694528512,0,12.0,10.0
837482249356513284,0,13.0,10.0
837471256429613056,0,12.0,10.0
837366284874571778,0,13.0,10.0
837110210464448512,0,13.0,10.0
836989968035819520,0,12.0,10.0
836753516572119041,0,12.0,10.0
836677758902222849,0,11.0,10.0
836380477523124226,0,12.0,10.0
836260088725786625,0,13.0,10.0
836001077879255040,0,13.0,10.0
835574547218894849,0,11.0,10.0
835297930240217089,0,12.0,10.0
835264098648616962,0,12.0,10.0
835172783151792128,0,12.0,10.0
835152434251116546,0,10.0,10.0
834931633769889797,0,12.0,10.0
834786237630337024,0,13.0,10.0
834574053763584002,0,13.0,10.0
834458053273591808,0,12.0,10.0
834209720923721728,0,12.0,10.0
834167344700198914,0,11.0,10.0
834089966724603904,0,20.0,10.0
834086379323871233,0,12.0,10.0
833863086058651648,0,12.0,10.0
833826103416520705,0,13.0,10.0
833722901757046785,0,13.0,10.0
833479644947025920,0,13.0,10.0
833124694597443584,0,12.0,10.0
832998151111966721,0,13.0,10.0
832757312314028032,0,13.0,10.0
832682457690300417,0,13.0,10.0
832645525019123713,0,20.0,10.0
832636094638288896,0,12.0,10.0
832397543355072512,0,12.0,10.0
832369877331693569,0,11.0,10.0
832273440279240704,0,14.0,10.0
832032802820481025,0,12.0,10.0
831939777352105988,0,12.0,10.0
831911600680497154,0,14.0,10.0
831670449226514432,0,13.0,10.0
831650051525054464,0,13.0,10.0
831552930092285952,0,13.0,10.0
831322785565769729,0,12.0,10.0
831315979191906304,0,13.0,10.0
831309418084069378,0,12.0,10.0
831262627380748289,0,12.0,10.0
830956169170665475,0,12.0,10.0
830583320585068544,0,13.0,10.0
830097400375152640,0,13.0,10.0
829861396166877184,0,12.0,10.0
829501995190984704,0,12.0,10.0
829449946868879360,0,11.0,10.0
829374341691346946,0,13.0,10.0
829141528400556032,0,12.0,10.0
829011960981237760,0,13.0,10.0
828770345708580865,0,13.0,10.0
828708714936930305,0,20.0,10.0
828650029636317184,0,14.0,10.0
828409743546925057,0,12.0,10.0
828408677031882754,0,12.0,10.0
828381636999917570,0,14.0,10.0
828376505180889089,0,13.0,10.0
828372645993398273,0,12.0,10.0
828361771580813312,0,12.0,10.0
828046555563323392,0,13.0,10.0
828011680017821696,0,11.0,10.0
827933404142436356,0,12.0,10.0
827653905312006145,0,12.0,10.0
827600520311402496,0,13.0,10.0
827324948884643840,0,12.0,10.0
827199976799354881,0,13.0,10.0
826958653328592898,0,12.0,10.0
826848821049180160,0,13.0,10.0
826598365270007810,0,13.0,10.0
826476773533745153,0,12.0,10.0
826240494070030336,0,11.0,10.0
826204788643753985,0,13.0,10.0
826115272272650244,0,13.0,10.0
825876512159186944,0,11.0,10.0
825829644528148480,0,12.0,10.0
825535076884762624,0,14.0,10.0
825147591692263424,0,13.0,10.0
825026590719483904,0,12.0,10.0
824775126675836928,0,12.0,10.0
824663926340194305,0,13.0,10.0
824325613288833024,0,13.0,10.0
824297048279236611,0,11.0,10.0
824025158776213504,0,14.0,10.0
823939628516474880,0,12.0,10.0
823699002998870016,0,12.0,10.0
823581115634085888,0,11.0,10.0
823322678127919110,0,11.0,10.0
822975315408461824,0,12.0,10.0
822872901745569793,0,13.0,10.0
822859134160621569,0,12.0,10.0
822610361945911296,0,12.0,10.0
822489057087389700,0,13.0,10.0
822462944365645825,0,14.0,10.0
822244816520155136,0,11.0,10.0
821886076407029760,0,13.0,10.0
821765923262631936,0,13.0,10.0
821522889702862852,0,13.0,10.0
821407182352777218,0,14.0,10.0
821149554670182400,0,12.0,10.0
821107785811234820,0,11.0,10.0
821044531881721856,0,12.0,10.0
820749716845686786,0,13.0,10.0
820314633777061888,0,14.0,10.0
820078625395449857,0,12.0,10.0
819952236453363712,0,13.0,10.0
819924195358416896,0,11.0,10.0
819711362133872643,0,11.0,10.0
819588359383371776,0,13.0,10.0
819347104292290561,0,12.0,10.0
819238181065359361,0,20.0,10.0
819227688460238848,0,12.0,10.0
819006400881917954,0,14.0,10.0
819004803107983360,0,14.0,10.0
818627210458333184,0,13.0,10.0
818614493328580609,0,12.0,10.0
818536468981415936,0,11.0,10.0
818259473185828864,0,12.0,10.0
818145370475810820,0,11.0,10.0
817908911860748288,0,12.0,10.0
817827839487737858,0,13.0,10.0
817777686764523521,0,13.0,10.0
817536400337801217,0,12.0,10.0
817423860136083457,0,13.0,10.0
817415592588222464,0,11.0,10.0
817171292965273600,0,13.0,10.0
817120970343411712,0,13.0,10.0
817056546584727552,0,11.0,10.0
816816676327063552,0,12.0,10.0
816697700272001025,0,12.0,10.0
816450570814898180,0,13.0,10.0
816336735214911488,0,11.0,10.0
816091915477250048,0,12.0,10.0
815990720817401858,0,11.0,10.0
815966073409433600,0,13.0,10.0
815736392542261248,0,11.0,10.0
815639385530101762,0,12.0,10.0
815390420867969024,0,13.0,10.0
814986499976527872,0,11.0,10.0
814638523311648768,0,12.0,10.0
814530161257443328,0,12.0,10.0
814153002265309185,0,12.0,10.0
813910438903693312,0,11.0,10.0
813812741911748608,0,14.0,10.0
813800681631023104,0,12.0,10.0
813217897535406080,0,13.0,10.0
813202720496779264,0,11.0,10.0
813187593374461952,0,13.0,10.0
813172488309972993,0,12.0,10.0
813157409116065792,0,12.0,10.0
813142292504645637,0,13.0,10.0
813127251579564032,0,11.0,10.0
813112105746448384,0,12.0,10.0
813096984823349248,0,11.0,10.0
813081950185472002,0,11.0,10.0
813066809284972545,0,12.0,10.0
813051746834595840,0,13.0,10.0
812781120811126785,0,20.0,10.0
812709060537683968,0,12.0,10.0
812503143955202048,0,13.0,10.0
812466873996607488,0,12.0,10.0
812372279581671427,0,13.0,10.0
811985624773361665,0,11.0,10.0
811744202451197953,0,13.0,10.0
811627233043480576,0,20.0,10.0
811386762094317568,0,11.0,10.0
810896069567610880,0,11.0,10.0
810657578271330305,0,11.0,10.0
810284430598270976,0,13.0,10.0
810254108431155201,0,12.0,10.0
809920764300447744,0,20.0,10.0
809448704142938112,0,12.0,10.0
809220051211603969,0,12.0,10.0
809084759137812480,0,11.0,10.0
808838249661788160,0,13.0,10.0
808733504066486276,0,12.0,10.0
808501579447930884,0,12.0,10.0
808344865868283904,0,11.0,10.0
808106460588765185,0,12.0,10.0
808001312164028416,0,12.0,10.0
807621403335917568,0,14.0,10.0
807106840509214720,0,13.0,10.0
807010152071229440,0,12.0,10.0
806629075125202948,0,13.0,10.0
806576416489959424,0,13.0,10.0
806542213899489280,0,11.0,10.0
806219024703037440,0,11.0,10.0
805932879469572096,0,12.0,10.0
805826884734976000,0,12.0,10.0
805520635690676224,0,13.0,10.0
805487436403003392,0,12.0,10.0
805207613751304193,0,12.0,10.0
804738756058218496,0,12.0,10.0
804475857670639616,0,13.0,10.0
804026241225523202,0,13.0,10.0
803773340896923648,0,12.0,10.0
803638050916102144,0,13.0,10.0
803380650405482500,0,12.0,10.0
803276597545603072,0,11.0,10.0
802952499103731712,0,12.0,10.0
802600418706604034,0,11.0,10.0
802572683846291456,0,12.0,10.0
802323869084381190,0,13.0,10.0
802239329049477120,0,12.0,10.0
801958328846974976,0,12.0,10.0
801538201127157760,0,12.0,10.0
801285448605831168,0,20.0,10.0
801167903437357056,0,13.0,10.0
801115127852503040,0,12.0,10.0
800751577355128832,0,12.0,10.0
800513324630806528,0,11.0,10.0
800459316964663297,0,12.0,10.0
800388270626521089,0,12.0,10.0
800141422401830912,0,13.0,10.0
800018252395122689,0,11.0,10.0
799757965289017345,0,13.0,10.0
799422933579902976,0,12.0,10.0
799297110730567681,0,11.0,10.0
799063482566066176,0,11.0,10.0
798933969379225600,0,12.0,10.0
798925684722855936,0,11.0,10.0
798209839306514432,0,13.0,10.0
797971864723324932,0,12.0,10.0
797545162159308800,0,12.0,10.0
797236660651966464,0,12.0,10.0
796865951799083009,0,12.0,10.0
796759840936919040,0,11.0,10.0
796484825502875648,0,12.0,10.0
796387464403357696,0,12.0,10.0
796149749086875649,0,11.0,10.0
796125600683540480,0,13.0,10.0
796116448414461957,0,11.0,10.0
796080075804475393,0,12.0,10.0
796031486298386433,0,13.0,10.0
795464331001561088,0,13.0,10.0
795400264262053889,0,12.0,10.0
795076730285391872,0,11.0,10.0
794926597468000259,0,12.0,10.0
794332329137291264,0,12.0,10.0
794205286408003585,0,14.0,10.0
793962221541933056,0,12.0,10.0
793845145112371200,0,13.0,10.0
793601777308463104,0,12.0,10.0
793500921481273345,0,12.0,10.0
793286476301799424,0,13.0,10.0
793271401113350145,0,12.0,10.0
793256262322548741,0,12.0,10.0
793241302385262592,0,13.0,10.0
793226087023144960,0,11.0,10.0
793210959003287553,0,20.0,10.0
793195938047070209,0,12.0,10.0
793180763617361921,0,11.0,10.0
793165685325201412,0,12.0,10.0
793150605191548928,0,11.0,10.0
793135492858580992,0,13.0,10.0
793120401413079041,0,11.0,10.0
792913359805018113,0,13.0,10.0
792883833364439040,0,12.0,10.0
792773781206999040,0,12.0,10.0
792394556390137856,0,12.0,10.0
792050063153438720,0,11.0,10.0
791774931465953280,0,14.0,10.0
791672322847637504,0,13.0,10.0
791406955684368384,0,12.0,10.0
791312159183634433,0,12.0,10.0
790987426131050500,0,12.0,10.0
790946055508652032,0,12.0,10.0
790698755171364864,0,12.0,10.0
790581949425475584,0,11.0,10.0
790337589677002753,0,12.0,10.0
790277117346975746,0,11.0,10.0
789986466051088384,0,12.0,10.0
789903600034189313,0,13.0,10.0
789628658055020548,0,13.0,10.0
789599242079838210,0,12.0,10.0
789530877013393408,0,12.0,10.0
789314372632018944,0,13.0,10.0
789268448748703744,0,20.0,10.0
789137962068021249,0,12.0,10.0
788908386943430656,0,11.0,10.0
788765914992902144,0,12.0,10.0
788412144018661376,0,11.0,10.0
788178268662984705,0,13.0,10.0
788150585577050112,0,13.0,10.0
788039637453406209,0,12.0,10.0
787810552592695296,0,11.0,10.0
787717603741622272,0,13.0,10.0
787397959788929025,0,11.0,10.0
787322443945877504,0,20.0,10.0
786963064373534720,0,12.0,10.0
786709082849828864,0,19.75,10.0
786664955043049472,0,12.0,10.0
786595970293370880,0,11.0,10.0
786363235746385920,0,13.0,10.0
786286427768250368,0,12.0,10.0
786233965241827333,0,11.0,10.0
785927819176054784,0,12.0,10.0
785872687017132033,0,12.0,10.0
785639753186217984,0,20.0,10.0
785533386513321988,0,11.0,10.0
785515384317313025,0,20.0,10.0
785264754247995392,0,12.0,10.0
785170936622350336,0,11.0,10.0
784826020293709826,0,13.0,10.0
784517518371221505,0,11.0,10.0
784431430411685888,0,12.0,10.0
784183165795655680,0,12.0,10.0
784057939640352768,0,12.0,10.0
783839966405230592,0,13.0,10.0
783821107061198850,0,12.0,10.0
783695101801398276,0,12.0,10.0
783466772167098368,0,11.0,10.0
783391753726550016,0,13.0,10.0
783334639985389568,0,12.0,10.0
783085703974514689,0,11.0,10.0
782969140009107456,0,12.0,10.0
782747134529531904,0,11.0,10.0
782722598790725632,0,20.0,10.0
782598640137187329,0,11.0,10.0
782305867769217024,0,12.0,10.0
781955203444699136,0,11.0,10.0
781661882474196992,0,15.0,10.0
781655249211752448,0,11.0,10.0
781524693396357120,0,12.0,10.0
781308096455073793,0,12.0,10.0
781251288990355457,0,11.0,10.0
781163403222056960,0,20.0,10.0
780931614150983680,0,13.0,10.0
780858289093574656,0,20.0,10.0
780800785462489090,0,11.0,10.0
780601303617732608,0,12.0,10.0
780543529827336192,0,12.0,10.0
780459368902959104,0,11.0,10.0
780192070812196864,0,11.0,10.0
780074436359819264,0,20.0,10.0
779834332596887552,0,11.0,10.0
779377524342161408,0,12.0,10.0
779123168116150273,0,12.0,10.0
779056095788752897,0,13.0,10.0
778990705243029504,0,11.0,10.0
778764940568104960,0,13.0,10.0
778748913645780993,0,11.0,10.0
778650543019483137,0,20.0,10.0
778624900596654080,0,11.0,10.0
778408200802557953,0,14.0,10.0
778383385161035776,0,13.0,10.0
778286810187399168,0,11.0,10.0
778039087836069888,0,12.0,10.0
778027034220126208,0,11.27,10.0
777885040357281792,0,13.0,10.0
777684233540206592,0,12.0,10.0
777684233540206592,1,11.0,10.0
777621514455814149,0,12.0,10.0
777189768882946048,0,12.0,10.0
776813020089548800,0,12.0,10.0
776477788987613185,0,11.0,10.0
776218204058357768,0,13.0,10.0
776201521193218049,0,20.0,10.0
776113305656188928,0,11.0,10.0
776088319444877312,0,20.0,10.0
775842724423557120,0,12.0,10.0
775733305207554048,0,11.0,10.0
775729183532220416,0,13.0,10.0
775364825476165632,0,11.0,10.0
775350846108426240,0,12.0,10.0
775085132600442880,0,13.0,10.0
774757898236878852,0,12.0,10.0
774639387460112384,0,20.0,10.0
774314403806253056,0,14.0,10.0
773985732834758656,0,11.0,10.0
773922284943896577,0,12.0,10.0
773704687002451968,0,12.0,10.0
773670353721753600,0,20.0,10.0
773547596996571136,0,11.0,10.0
773308824254029826,0,12.0,10.0
773247561583001600,0,20.0,10.0
773191612633579521,0,12.0,10.0
772877495989305348,0,11.0,10.0
772826264096874500,0,11.0,10.0
772581559778025472,0,20.0,10.0
772193107915964416,0,12.0,10.0
772152991789019136,0,20.0,10.0
772117678702071809,0,12.0,10.0
772114945936949249,0,20.0,10.0
772102971039580160,0,11.0,10.0
771908950375665664,0,13.0,10.0
771770456517009408,0,11.0,10.0
771500966810099713,0,12.0,10.0
771380798096281600,0,11.0,10.0
771136648247640064,0,11.0,10.0
771102124360998913,0,12.0,10.0
771014301343748096,0,17.0,10.0
770787852854652928,0,20.0,10.0
770772759874076672,0,11.0,10.0
770655142660169732,0,11.0,10.0
770414278348247044,0,11.0,10.0
770293558247038976,0,20.0,10.0
770069151037685760,0,20.0,10.0
769940425801170949,0,12.0,10.0
769695466921623552,0,13.0,10.0
769212283578875904,0,12.0,10.0
768970937022709760,0,12.0,10.0
768855141948723200,0,11.0,10.0
768609597686943744,0,20.0,10.0
768596291618299904,0,12.0,10.0
768473857036525572,0,11.0,10.0
768193404517830656,0,18.0,10.0
767884188863397888,0,20.0,10.0
767754930266464257,0,11.0,10.0
767500508068192258,0,12.0,10.0
767191397493538821,0,13.0,10.0
767122157629476866,0,13.0,10.0
766793450729734144,0,20.0,10.0
766693177336135680,0,11.0,10.0
766423258543644672,0,19.0,10.0
766313316352462849,0,12.0,10.0
766069199026450432,0,12.0,10.0
766008592277377025,0,11.0,10.0
765719909049503744,0,12.0,10.0
765669560888528897,0,12.0,10.0
765395769549590528,0,13.0,10.0
765371061932261376,0,11.0,10.0
765222098633691136,0,20.0,10.0
764857477905154048,0,12.0,10.0
764259802650378240,0,20.0,10.0
763837565564780549,0,11.0,10.0
763183847194451968,0,18.0,10.0
763103485927849985,0,20.0,10.0
762699858130116608,0,11.0,10.0
762471784394268675,0,12.0,10.0
762464539388485633,0,12.0,10.0
762316489655476224,0,11.0,10.0
762035686371364864,0,14.0,10.0
761976711479193600,0,12.0,10.0
761745352076779520,0,11.0,10.0
761672994376806400,0,20.0,10.0
761599872357261312,0,11.0,10.0
761334018830917632,0,20.0,10.0
761292947749015552,0,11.0,10.0
761227390836215808,0,20.0,10.0
761004547850530816,0,11.0,10.0
760893934457552897,0,11.0,10.0
760656994973933572,0,11.0,10.0
760641137271070720,0,12.0,10.0
760539183865880579,0,12.0,10.0
760521673607086080,0,12.0,10.0
760290219849637889,0,13.0,10.0
760252756032651264,0,14.0,10.0
760190180481531904,0,20.0,10.0
759943073749200896,0,12.0,10.0
759923798737051648,0,20.0,10.0
759846353224826880,0,11.0,10.0
759793422261743616,0,12.0,10.0
759557299618865152,0,20.0,10.0
759447681597108224,0,11.0,10.0
759446261539934208,0,20.0,10.0
759197388317847553,0,12.0,10.0
759099523532779520,0,17.0,10.0
759047813560868866,0,11.0,10.0
758854675097526272,0,11.0,10.0
758828659922702336,0,13.0,10.0
758740312047005698,0,12.0,10.0
758474966123810816,0,11.0,10.0
758405701903519748,0,20.0,10.0
758355060040593408,0,11.0,10.0
758099635764359168,0,13.0,10.0
758041019896193024,0,19.0,10.0
757741869644341248,0,20.0,10.0
757725642876129280,0,11.0,10.0
757611664640446465,0,12.0,10.0
757596066325864448,0,14.0,10.0
757400162377592832,0,13.0,10.0
757393109802180609,0,20.0,10.0
757354760399941633,0,18.0,10.0
756998049151549440,0,11.0,10.0
756939218950160384,0,12.0,10.0
756651752796094464,0,11.0,10.0
756526248105566208,0,13.0,10.0
756303284449767430,0,11.0,10.0
756288534030475264,0,12.0,10.0
756275833623502848,0,20.0,10.0
755955933503782912,0,12.0,10.0
755206590534418437,0,14.0,10.0
755110668769038337,0,13.0,10.0
754856583969079297,0,11.0,10.0
754747087846248448,0,12.0,10.0
754482103782404096,0,20.0,10.0
754449512966619136,0,11.0,10.0
754120377874386944,0,20.0,10.0
754011816964026368,0,12.0,10.0
753655901052166144,0,20.0,10.0
753420520834629632,0,11.0,10.0
753398408988139520,0,12.0,10.0
753375668877008896,0,18.0,10.0
753294487569522689,0,11.0,10.0
753039830821511168,0,13.0,10.0
753026973505581056,0,20.0,10.0
752932432744185856,0,12.0,10.0
752917284578922496,0,11.0,10.0
752682090207055872,0,20.0,10.0
752660715232722944,0,20.0,10.0
752568224206688256,0,19.0,10.0
752519690950500352,0,11.0,10.0
752334515931054080,0,18.0,10.0
752173152931807232,0,12.0,10.0
751950017322246144,0,13.0,10.0
751937170840121344,0,11.0,10.0
751830394383790080,0,12.0,10.0
751793661361422336,0,11.0,10.0
751598357617971201,0,13.0,10.0
751583847268179968,0,15.0,10.0
751538714308972544,0,20.0,10.0
751456908746354688,0,12.0,10.0
751251247299190784,0,20.0,10.0
751205363882532864,0,12.0,10.0
751132876104687617,0,20.0,10.0
750868782890057730,0,11.0,10.0
750719632563142656,0,12.0,10.0
750506206503038976,0,18.0,10.0
750429297815552001,0,12.0,10.0
750383411068534784,0,19.0,10.0
750147208377409536,0,13.0,10.0
750132105863102464,0,11.0,10.0
750117059602808832,0,20.0,10.0
750101899009982464,0,11.0,10.0
750086836815486976,0,12.0,10.0
750071704093859840,0,20.0,10.0
750056684286914561,0,11.0,10.0
750041628174217216,0,13.0,10.0
750026558547456000,0,20.0,10.0
750011400160841729,0,11.0,10.0
749996283729883136,0,12.0,10.0
749774190421639168,0,12.0,10.0
749417653287129088,0,11.0,10.0
749403093750648834,0,20.0,10.0
749395845976588288,0,20.0,10.0
749317047558017024,0,12.0,10.0
749075273010798592,0,11.0,10.0
749064354620928000,0,11.0,10.0
749036806121881602,0,18.0,10.0
748977405889503236,0,20.0,10.0
748932637671223296,0,13.0,10.0
748705597323898880,0,13.0,10.0
748699167502000129,0,11.0,10.0
748692773788876800,0,20.0,10.0
748575535303884801,0,16.0,10.0
748568946752774144,0,12.0,10.0
748346686624440324,0,20.0,10.0
748337862848962560,0,13.0,10.0
748324050481647620,0,11.0,10.0
748307329658011649,0,17.0,10.0
748220828303695873,0,13.0,10.0
747963614829678593,0,20.0,10.0
747933425676525569,0,11.0,10.0
747885874273214464,0,18.0,10.0
747844099428986880,0,11.0,10.0
747816857231626240,0,14.0,10.0
747648653817413632,0,12.0,10.0
747600769478692864,0,20.0,10.0
747600769478692864,1,17.0,10.0
747594051852075008,0,11.0,10.0
747512671126323200,0,20.0,10.0
747461612269887489,0,20.0,10.0
747439450712596480,0,12.0,10.0
747219827526344708,0,11.0,10.0
747204161125646336,0,20.0,10.0
747103485104099331,0,11.0,10.0
746872823977771008,0,11.0,10.0
746790600704425984,0,20.0,10.0
746757706116112384,0,11.0,10.0
746726898085036033,0,12.0,10.0
746542875601690625,0,11.0,10.0
746507379341139972,0,20.0,10.0
746369468511756288,0,19.0,10.0
746131877086527488,0,20.0,10.0
746056683365994496,0,11.0,10.0
745789745784041472,0,20.0,10.0
745712589599014916,0,17.0,10.0
745433870967832576,0,20.0,10.0
745422732645535745,0,19.0,10.0
745314880350101504,0,12.0,10.0
745074613265149952,0,11.0,10.0
745057283344719872,0,12.0,10.0
744995568523612160,0,19.0,10.0
744971049620602880,0,12.0,10.0
744709971296780288,0,20.0,10.0
744334592493166593,0,11.0,10.0
744234799360020481,0,13.0,10.0
744223424764059648,0,12.0,10.0
743980027717509120,0,11.0,10.0
743895849529389061,0,20.0,10.0
743609206067040256,0,20.0,10.0
743595368194129920,0,17.0,10.0
743545585370791937,0,11.0,10.0
743510151680958465,0,13.0,10.0
743253157753532416,0,20.0,10.0
743222593470234624,0,12.0,10.0
743210557239623680,0,20.0,10.0
742534281772302336,0,11.0,10.0
742528092657332225,0,20.0,10.0
742465774154047488,0,14.0,10.0
742423170473463808,0,12.0,10.0
742385895052087300,0,11.0,10.0
742161199639494656,0,12.0,10.0
742150209887731712,0,18.0,10.0
741793263812808706,0,20.0,10.0
741743634094141440,0,11.0,10.0
741438259667034112,0,19.0,10.0
741303864243200000,0,12.0,10.0
741099773336379392,0,11.0,10.0
741067306818797568,0,12.0,10.0
740995100998766593,0,20.0,10.0
740711788199743490,0,19.0,10.0
740699697422163968,0,18.0,10.0
740676976021798912,0,11.0,10.0
740373189193256964,1,14.0,10.0
740365076218183684,0,20.0,10.0
740359016048689152,0,19.0,10.0
740214038584557568,0,20.0,10.0
739979191639244800,0,12.0,10.0
739932936087216128,0,20.0,10.0
739844404073074688,0,12.0,10.0
739623569819336705,0,12.0,10.0
739606147276148736,0,19.0,10.0
739544079319588864,0,20.0,10.0
739485634323156992,0,16.0,10.0
739238157791694849,0,13.0,10.0
738885046782832640,0,11.0,10.0
738883359779196928,0,20.0,10.0
738537504001953792,0,11.0,10.0
738402415918125056,0,20.0,10.0
738184450748633089,0,19.0,10.0
738166403467907072,0,12.0,10.0
738156290900254721,0,20.0,10.0
737826014890496000,0,20.0,10.0
737800304142471168,0,20.0,10.0
737678689543020544,0,11.0,10.0
737445876994609152,0,13.0,10.0
737322739594330112,0,19.0,10.0
737310737551491075,0,13.0,10.0
736736130620620800,0,13.0,10.0
736392552031657984,0,13.0,10.0
736365877722001409,0,11.0,10.0
736225175608430592,0,20.0,10.0
736010884653420544,0,20.0,10.0
735991953473572864,0,11.0,10.0
735648611367784448,0,12.0,10.0
735635087207878657,0,11.0,10.0
735274964362878976,0,11.0,10.0
735256018284875776,0,18.0,10.0
735137028879360001,0,19.0,10.0
734912297295085568,0,20.0,10.0
734787690684657664,0,13.0,10.0
734776360183431168,0,11.0,10.0
734559631394082816,0,20.0,10.0
733828123016450049,0,20.0,10.0
733822306246479872,0,20.0,10.0
733482008106668032,0,20.0,10.0
733460102733135873,0,11.0,10.0
733109485275860992,0,12.0,10.0
732732193018155009,0,12.0,10.0
732726085725589504,0,11.0,10.0
732585889486888962,0,20.0,10.0
732375214819057664,0,11.0,10.0
732005617171337216,0,11.0,10.0
731285275100512256,0,12.0,10.0
730924654643314689,0,19.0,10.0
730573383004487680,0,20.0,10.0
730427201120833536,0,11.0,10.0
730211855403241472,0,11.0,10.0
730196704625098752,0,16.0,10.0
729854734790754305,0,11.0,10.0
729823566028484608,0,13.0,10.0
729463711119904772,0,13.0,10.0
729113531270991872,0,20.0,10.0
728986383096946689,0,11.0,10.0
728760639972315136,0,13.0,10.0
728751179681943552,0,20.0,10.0
728653952833728512,0,18.0,10.0
728409960103686147,0,20.0,10.0
728387165835677696,0,12.0,10.0
728046963732717569,0,11.0,10.0
728035342121635841,0,12.0,10.0
728015554473250816,0,11.0,10.0
727685679342333952,0,12.0,10.0
727644517743104000,0,13.0,10.0
727524757080539137,0,20.0,10.0
727314416056803329,0,11.0,10.0
727286334147182592,0,19.0,10.0
727175381690781696,0,20.0,10.0
727155742655025152,0,11.0,10.0
726935089318363137,0,12.0,10.0
726887082820554753,0,20.0,10.0
726828223124897792,0,12.0,10.0
726224900189511680,0,19.0,10.0
725842289046749185,0,12.0,10.0
725786712245440512,0,11.0,10.0
725729321944506368,0,12.0,10.0
725458796924002305,0,13.0,10.0
724983749226668032,0,12.0,10.0
724771698126512129,0,11.0,10.0
724405726123311104,0,20.0,10.0
724049859469295616,0,20.0,10.0
724046343203856385,0,20.0,10.0
724004602748780546,0,11.0,10.0
723912936180330496,0,12.0,10.0
723688335806480385,0,12.0,10.0
723673163800948736,0,20.0,10.0
723179728551723008,0,18.0,10.0
722974582966214656,1,13.0,10.0
722613351520608256,0,12.0,10.0
721503162398597120,0,11.0,10.0
721001180231503872,0,11.0,10.0
720785406564900865,0,12.0,10.0
720775346191278080,0,20.0,10.0
720415127506415616,0,20.0,10.0
720389942216527872,0,11.0,10.0
720340705894408192,0,20.0,10.0
720059472081784833,0,19.0,10.0
720043174954147842,0,11.0,10.0
719991154352222208,0,20.0,10.0
719704490224398336,0,12.0,10.0
719551379208073216,0,20.0,10.0
719367763014393856,0,11.0,10.0
719339463458033665,0,20.0,10.0
719332531645071360,0,11.0,10.0
718971898235854848,0,20.0,10.0
718939241951195136,0,12.0,10.0
718631497683582976,0,20.0,10.0
718613305783398402,0,11.0,10.0
718540630683709445,0,20.0,10.0
718460005985447936,0,19.0,10.0
718454725339934721,0,13.0,10.0
718246886998687744,0,13.0,10.0
718234618122661888,0,11.0,10.0
717841801130979328,0,11.0,10.0
717790033953034240,0,20.0,10.0
717537687239008257,0,11.0,10.0
717428917016076293,0,11.0,10.0
717421804990701568,0,19.0,10.0
717047459982213120,0,12.0,10.0
717009362452090881,0,20.0,10.0
716802964044845056,0,20.0,10.0
716791146589110272,0,11.0,10.0
716730379797970944,0,12.0,10.0
716447146686459905,0,13.0,10.0
716439118184652801,1,11.0,10.0
716285507865542656,0,12.0,10.0
716080869887381504,0,11.0,10.0
715928423106027520,0,11.0,10.0
715758151270801409,0,13.0,10.0
715733265223708672,0,20.0,10.0
715704790270025728,0,11.0,10.0
715696743237730304,0,20.0,10.0
715680795826982913,0,12.0,10.0
715360349751484417,0,11.0,10.0
715342466308784130,0,20.0,10.0
715220193576927233,0,20.0,10.0
715200624753819648,0,12.0,10.0
715009755312439296,0,12.0,10.0
714982300363173890,0,19.0,10.0
714962719905021952,0,12.0,10.0
714957620017307648,0,20.0,10.0
714631576617938945,0,14.0,10.0
714606013974974464,0,12.0,10.0
714485234495041536,0,20.0,10.0
714258258790387713,0,20.0,10.0
714258258790387713,1,18.0,10.0
714251586676113411,0,18.0,10.0
714214115368108032,0,13.0,10.0
714141408463036416,0,20.0,10.0
713919462244790272,0,12.0,10.0
713909862279876608,0,12.0,10.0
713761197720473600,0,12.0,10.0
713411074226274305,0,11.0,10.0
713177543487135744,0,20.0,10.0
713175907180089344,0,20.0,10.0
712809025985978368,0,20.0,10.0
712717840512598017,0,20.0,10.0
712668654853337088,0,20.0,10.0
712438159032893441,0,11.0,10.0
712309440758808576,0,12.0,10.0
712097430750289920,0,20.0,10.0
712092745624633345,0,17.0,10.0
712085617388212225,0,11.0,10.0
712065007010385924,0,16.0,10.0
711968124745228288,0,20.0,10.0
711743778164514816,0,11.0,10.0
711732680602345472,0,20.0,10.0
711694788429553666,0,13.0,10.0
711652651650457602,0,19.0,10.0
711363825979756544,0,11.0,10.0
711306686208872448,0,13.0,10.0
711008018775851008,0,11.0,10.0
710997087345876993,0,12.0,10.0
710844581445812225,0,20.0,10.0
710833117892898816,0,12.0,10.0
710609963652087808,0,12.0,10.0
710588934686908417,0,12.0,10.0
710296729921429505,0,12.0,10.0
710283270106132480,0,11.0,10.0
710272297844797440,0,11.0,10.0
710269109699739648,0,13.0,10.0
710153181850935296,0,11.0,10.0
710140971284037632,0,18.0,10.0
710117014656950272,0,11.0,10.0
709918798883774466,0,12.0,10.0
709901256215666688,0,12.0,10.0
709852847387627521,0,12.0,10.0
709566166965075968,0,12.0,10.0
709556954897764353,0,12.0,10.0
709519240576036864,0,19.0,10.0
709449600415961088,0,20.0,10.0
709409458133323776,0,18.0,10.0
709225125749587968,0,11.0,10.0
709207347839836162,0,11.0,10.0
709179584944730112,0,13.0,10.0
709158332880297985,0,20.0,10.0
709042156699303936,0,19.0,10.0
708853462201716736,0,18.0,10.0
708845821941387268,0,19.0,10.0
708834316713893888,0,20.0,10.0
708810915978854401,0,20.0,10.0
708738143638450176,0,11.0,10.0
708711088997666817,0,11.0,10.0
708479650088034305,0,13.0,10.0
708469915515297792,0,11.0,10.0
708400866336894977,0,12.0,10.0
708356463048204288,0,20.0,10.0
708349470027751425,0,11.0,10.0
708149363256774660,0,20.0,10.0
708130923141795840,0,11.0,10.0
708119489313951744,0,19.0,10.0
708109389455101952,0,20.0,10.0
708026248782585858,0,13.0,10.0
707995814724026368,0,12.0,10.0
707969809498152960,0,11.0,10.0
707776935007539200,0,11.0,10.0
707741517457260545,0,20.0,10.0
707738799544082433,0,12.0,10.0
707693576495472641,0,17.0,10.0
707629649552134146,0,20.0,10.0
707610948723478529,0,12.0,10.0
707420581654872064,0,14.0,10.0
707411934438625280,0,11.0,10.0
707387676719185920,0,20.0,10.0
707377100785885184,0,19.0,10.0
707315916783140866,0,20.0,10.0
707297311098011648,0,20.0,10.0
707059547140169728,0,11.0,10.0
707038192327901184,0,20.0,10.0
707021089608753152,0,12.0,10.0
707014260413456384,0,11.0,10.0
706904523814649856,0,13.0,10.0
706901761596989440,0,13.0,10.0
706681918348251136,0,12.0,10.0
706644897839910912,0,19.0,10.0
706593038911545345,0,20.0,10.0
706538006853918722,0,11.0,10.0
706516534877929472,0,12.0,10.0
706346369204748288,0,12.0,10.0
706310011488698368,0,12.0,10.0
706291001778950144,0,11.0,10.0
706265994973601792,0,11.0,10.0
706169069255446529,0,12.0,10.0
706166467411222528,0,17.0,10.0
706153300320784384,0,13.0,10.0
705975130514706432,0,20.0,10.0
705970349788291072,0,12.0,10.0
705898680587526145,0,20.0,10.0
705591895322394625,0,11.0,10.0
705475953783398401,0,12.0,10.0
705442520700944385,0,12.0,10.0
705428427625635840,0,11.0,10.0
705239209544720384,0,11.0,10.0
705223444686888960,0,19.0,10.0
705102439679201280,0,20.0,10.0
705066031337840642,0,12.0,10.0
704859558691414016,0,20.0,10.0
704847917308362754,0,12.0,10.0
704819833553219584,0,17.0,10.0
704761120771465216,0,13.0,10.0
704499785726889984,0,12.0,10.0
704480331685040129,0,11.0,10.0
704364645503647744,0,12.0,10.0
704347321748819968,0,20.0,10.0
704134088924532736,0,12.0,10.0
704113298707505153,0,18.0,10.0
703774238772166656,0,20.0,10.0
703769065844768768,0,20.0,10.0
703631701117943808,0,11.0,10.0
703611486317502464,0,20.0,10.0
703407252292673536,0,20.0,10.0
703382836347330562,0,12.0,10.0
703356393781329922,0,19.0,10.0
703356393781329922,1,12.0,10.0
703268521220972544,0,12.0,10.0
703079050210877440,0,11.0,10.0
703041949650034688,0,20.0,10.0
702932127499816960,0,16.0,10.0
702899151802126337,0,12.0,10.0
702684942141153280,0,11.0,10.0
702671118226825216,0,20.0,10.0
702598099714314240,0,11.0,10.0
702539513671897089,0,12.0,10.0
702332542343577600,0,13.0,10.0
702321140488925184,0,12.0,10.0
702276748847800320,0,11.0,10.0
702217446468493312,0,19.0,10.0
701981390485725185,0,12.0,10.0
701952816642965504,0,11.0,10.0
701889187134500865,0,11.0,10.0
701805642395348998,0,11.0,10.0
701601587219795968,0,20.0,10.0
701570477911896070,0,19.0,10.0
701545186879471618,0,20.0,10.0
701214700881756160,0,12.0,10.0
700890391244103680,0,11.0,10.0
700864154249383937,0,12.0,10.0
700847567345688576,0,20.0,10.0
700796979434098688,0,17.0,10.0
700747788515020802,0,11.0,10.0
700518061187723268,0,20.0,10.0
700505138482569216,0,12.0,10.0
700462010979500032,0,16.0,10.0
700167517596164096,0,20.0,10.0
700151421916807169,0,11.0,10.0
700143752053182464,0,20.0,10.0
700062718104104960,0,16.0,10.0
700029284593901568,0,20.0,10.0
700002074055016451,0,19.0,10.0
699801817392291840,0,11.0,10.0
699788877217865730,0,12.0,10.0
699779630832685056,0,20.0,10.0
699775878809702401,0,11.0,10.0
699691744225525762,0,15.0,10.0
699446877801091073,0,12.0,10.0
699434518667751424,0,12.0,10.0
699423671849451520,0,20.0,10.0
699413908797464576,0,11.0,10.0
699370870310113280,0,11.0,10.0
699323444782047232,0,20.0,10.0
699088579889332224,0,13.0,10.0
699079609774645248,0,18.0,10.0
699072405256409088,0,12.0,10.0
699060279947165696,0,12.0,10.0
699036661657767936,0,13.0,10.0
698989035503689728,0,13.0,10.0
698953797952008193,0,11.0,10.0
698907974262222848,0,20.0,10.0
698710712454139905,0,20.0,10.0
698703483621523456,0,17.0,10.0
698635131305795584,0,12.0,10.0
698549713696649216,0,19.0,10.0
698355670425473025,0,20.0,10.0
698342080612007937,0,11.0,10.0
698262614669991936,0,11.0,10.0
698195409219559425,0,19.0,10.0
698178924120031232,0,20.0,10.0
697995514407682048,0,11.0,10.0
697990423684476929,0,11.0,10.0
697943111201378304,0,20.0,10.0
697881462549430272,0,20.0,10.0
697630435728322560,0,18.0,10.0
697616773278015490,0,11.0,10.0
697596423848730625,0,11.0,10.0
697575480820686848,0,18.0,10.0
697516214579523584,0,19.0,10.0
697482927769255936,0,11.0,10.0
697270446429966336,0,20.0,10.0
697259378236399616,0,18.0,10.0
697255105972801536,0,20.0,10.0
697242256848379904,0,20.0,10.0
696900204696625153,0,12.0,10.0
696894894812565505,0,19.0,10.0
696886256886657024,0,12.0,10.0
696877980375769088,0,19.0,10.0
696754882863349760,0,20.0,10.0
696744641916489729,0,20.0,10.0
696713835009417216,0,19.0,10.0
696518437233913856,0,20.0,10.0
696488710901260288,0,12.0,10.0
696405997980676096,0,17.0,10.0
696100768806522880,0,20.0,10.0
695816827381944320,0,11.0,10.0
695794761660297217,0,13.0,10.0
695629776980148225,0,18.0,10.0
695446424020918272,0,12.0,10.0
695409464418041856,0,20.0,10.0
695314793360662529,0,20.0,10.0
695095422348574720,0,12.0,10.0
695074328191332352,0,11.0,10.0
695064344191721472,0,14.0,10.0
695064344191721472,1,13.0,10.0
695051054296211456,0,16.0,10.0
694925794720792577,0,15.0,10.0
694905863685980160,0,20.0,10.0
694669722378485760,0,12.0,10.0
694352839993344000,0,20.0,10.0
694352839993344000,1,15.0,10.0
694342028726001664,0,11.0,10.0
694329668942569472,0,19.0,10.0
694206574471057408,0,20.0,10.0
694183373896572928,0,19.0,10.0
694001791655137281,0,11.0,10.0
693993230313091072,0,12.0,10.0
693942351086120961,0,20.0,10.0
693647888581312512,0,17.0,10.0
693642232151285760,0,19.0,10.0
693629975228977152,0,12.0,10.0
693622659251335168,0,20.0,10.0
693590843962331137,0,13.0,10.0
693486665285931008,0,11.0,10.0
693280720173801472,0,20.0,10.0
693267061318012928,0,12.0,10.0
693262851218264065,0,11.0,10.0
693231807727280129,0,19.0,10.0
693155686491000832,0,12.0,10.0
693109034023534592,0,11.0,10.0
693095443459342336,0,20.0,10.0
692919143163629568,0,19.0,10.0
692905862751522816,0,20.0,10.0
692901601640583168,0,20.0,10.0
692894228850999298,0,20.0,10.0
692828166163931137,0,12.0,10.0
692752401762250755,0,13.0,10.0
692568918515392513,0,12.0,10.0
692535307825213440,0,20.0,10.0
692530551048294401,0,20.0,10.0
692417313023332352,0,17.0,10.0
692187005137076224,0,12.0,10.0
692158366030913536,0,20.0,10.0
692041934689402880,0,13.0,10.0
692017291282812928,0,19.0,10.0
691820333922455552,0,18.0,10.0
691793053716221953,0,20.0,10.0
691756958957883396,0,20.0,10.0
691675652215414786,0,20.0,10.0
691483041324204033,0,15.0,10.0
691483041324204033,1,20.0,10.0
691459709405118465,0,12.0,10.0
691444869282295808,0,12.0,10.0
691416866452082688,0,13.0,10.0
691321916024623104,0,11.0,10.0
691096613310316544,0,11.0,10.0
691090071332753408,0,12.0,10.0
690989312272396288,0,12.0,10.0
690959652130045952,0,11.0,10.0
690938899477221376,0,20.0,10.0
690932576555528194,0,12.0,10.0
690735892932222976,0,13.0,10.0
690728923253055490,0,18.0,10.0
690690673629138944,0,20.0,10.0
690649993829576704,0,11.0,10.0
690597161306841088,0,11.0,10.0
690400367696297985,0,20.0,10.0
690400367696297985,1,16.0,10.0
690374419777196032,0,11.0,10.0
690360449368465409,0,19.0,10.0
690348396616552449,0,12.0,10.0
690248561355657216,0,11.0,10.0
690021994562220032,0,20.0,10.0
690015576308211712,0,12.0,10.0
690005060500217858,0,20.0,10.0
689999384604450816,0,20.0,10.0
689993469801164801,0,12.0,10.0
689977555533848577,0,12.0,10.0
689905486972461056,0,11.0,10.0
689877686181715968,0,19.0,10.0
689835978131935233,0,11.0,10.0
689835978131935233,1,20.0,10.0
689661964914655233,0,12.0,10.0
689659372465688576,0,18.0,10.0
689623661272240129,0,20.0,10.0
689599056876867584,0,11.0,10.0
689557536375177216,0,12.0,10.0
689517482558820352,0,12.0,10.0
689289219123089408,0,13.0,10.0
689283819090870273,0,19.0,10.0
689280876073582592,0,20.0,10.0
689275259254616065,0,20.0,10.0
689255633275777024,0,20.0,10.0
689154315265683456,0,19.0,10.0
689143371370250240,0,20.0,10.0
688916208532455424,0,11.0,10.0
688908934925697024,0,18.0,10.0
688898160958271489,0,20.0,10.0
688894073864884227,0,17.0,10.0
688828561667567616,0,19.0,10.0
688804835492233216,0,12.0,10.0
688789766343622656,0,18.0,10.0
688547210804498433,0,19.0,10.0
688519176466644993,0,12.0,10.0
688385280030670848,0,12.0,10.0
688211956440801280,0,13.0,10.0
688179443353796608,0,20.0,10.0
688116655151435777,0,20.0,10.0
688064179421470721,0,11.0,10.0
687841446767013888,0,13.0,10.0
687826841265172480,0,12.0,10.0
687818504314159109,0,12.0,10.0
687807801670897665,0,11.0,10.0
687732144991551489,0,11.0,10.0
687704180304273409,0,19.0,10.0
687664829264453632,0,11.0,10.0
687494652870668288,0,17.0,10.0
687480748861947905,0,12.0,10.0
687476254459715584,0,11.0,10.0
687460506001633280,0,20.0,10.0
687399393394311168,0,20.0,10.0
687317306314240000,0,11.0,10.0
687312378585812992,0,17.0,10.0
687127927494963200,0,19.0,10.0
687124485711986689,0,11.0,10.0
687109925361856513,0,11.0,10.0
687102708889812993,0,15.0,10.0
687096057537363968,0,11.0,10.0
686947101016735744,0,11.0,10.0
686760001961103360,0,12.0,10.0
686749460672679938,0,18.0,10.0
686730991906516992,0,12.0,10.0
686683045143953408,0,11.0,10.0
686618349602762752,0,11.0,10.0
686606069955735556,0,20.0,10.0
686394059078897668,0,12.0,10.0
686386521809772549,0,11.0,10.0
686377065986265092,0,20.0,10.0
686358356425093120,0,20.0,10.0
686286779679375361,0,12.0,10.0
686050296934563840,0,11.0,10.0
686034024800862208,0,12.0,10.0
686007916130873345,0,11.0,10.0
686003207160610816,0,13.0,10.0
685973236358713344,0,11.0,10.0
685943807276412928,0,18.0,10.0
685906723014619143,0,19.0,10.0
685667379192414208,0,19.0,10.0
685663452032069632,0,12.0,10.0
685641971164143616,0,17.0,10.0
685547936038666240,0,14.0,10.0
685532292383666176,0,19.0,10.0
685325112850124800,0,20.0,10.0
685321586178670592,0,20.0,10.0
685315239903100929,0,11.0,10.0
685307451701334016,0,11.0,10.0
685268753634967552,0,20.0,10.0
685198997565345792,0,11.0,10.0
685169283572338688,0,11.0,10.0
684959798585110529,0,15.0,10.0
684940049151070208,0,12.0,10.0
684926975086034944,0,11.0,10.0
684914660081053696,0,12.0,10.0
684902183876321280,0,11.0,10.0
684880619965411328,0,15.0,10.0
684830982659280897,0,13.0,10.0
684800227459624960,0,11.0,10.0
684594889858887680,0,20.0,10.0
684588130326986752,0,12.0,10.0
684567543613382656,0,14.0,10.0
684481074559381504,0,20.0,10.0
684460069371654144,0,20.0,10.0
684241637099323392,0,12.0,10.0
684200372118904832,0,16.0,10.0
684195085588783105,0,19.0,10.0
684188786104872960,0,20.0,10.0
684177701129875456,0,20.0,10.0
684147889187209216,0,12.0,10.0
684122891630342144,0,11.0,10.0
684097758874210310,0,20.0,10.0
683857920510050305,0,20.0,10.0
683852578183077888,0,20.0,10.0
683849932751646720,0,15.0,10.0
683834909291606017,0,19.0,10.0
683828599284170753,0,12.0,10.0
683773439333797890,0,19.0,10.0
683742671509258241,0,11.0,10.0
683515932363329536,0,11.0,10.0
683498322573824003,0,11.0,10.0
683481228088049664,0,11.0,10.0
683462770029932544,0,18.0,10.0
683449695444799489,0,20.0,10.0
683391852557561860,0,11.0,10.0
683357973142474752,0,20.0,10.0
683142553609318400,0,19.0,10.0
683111407806746624,0,20.0,10.0
683098815881154561,0,12.0,10.0
683078886620553216,0,19.0,10.0
683030066213818368,0,20.0,10.0
682962037429899265,1,20.0,10.0
682788441537560576,0,12.0,10.0
682750546109968385,0,19.0,10.0
682697186228989953,0,12.0,10.0
682662431982772225,0,11.0,10.0
682638830361513985,0,12.0,10.0
682429480204398592,0,18.0,10.0
682406705142087680,0,17.0,10.0
682393905736888321,0,11.0,10.0
682389078323662849,0,19.0,10.0
682303737705140231,0,19.0,10.0
682259524040966145,0,19.0,10.0
682242692827447297,0,11.0,10.0
682088079302213632,0,12.0,10.0
682059653698686977,0,11.0,10.0
682047327939461121,0,20.0,10.0
682032003584274432,0,11.0,10.0
682003177596559360,0,15.0,10.0
681981167097122816,0,12.0,10.0
681891461017812993,0,20.0,10.0
681694085539872773,0,11.0,10.0
681679526984871937,0,17.0,10.0
681654059175129088,0,12.0,10.0
681610798867845120,0,12.0,10.0
681579835668455424,0,18.0,10.0
681523177663676416,0,12.0,10.0
681339448655802368,0,19.0,10.0
681320187870711809,0,11.0,10.0
681302363064414209,0,13.0,10.0
681297372102656000,0,12.0,10.0
681281657291280384,0,11.0,10.0
681261549936340994,0,19.0,10.0
681242418453299201,0,20.0,10.0
681231109724700672,0,11.0,10.0
681193455364796417,0,11.0,10.0
680970795137544192,0,19.0,10.0
680959110691590145,0,19.0,10.0
680940246314430465,0,14.0,10.0
680934982542561280,0,20.0,10.0
680913438424612864,0,11.0,10.0
680889648562991104,0,19.0,10.0
680836378243002368,0,12.0,10.0
680805554198020098,0,19.0,10.0
680801747103793152,0,20.0,10.0
680798457301471234,0,16.0,10.0
680609293079592961,0,19.0,10.0
680583894916304897,0,18.0,10.0
680497766108381184,0,12.0,10.0
680494726643068929,0,11.26,10.0
680473011644985345,0,20.0,10.0
680440374763077632,0,11.0,10.0
680221482581123072,0,20.0,10.0
680206703334408192,0,12.0,10.0
680191257256136705,0,11.0,10.0
680176173301628928,0,20.0,10.0
680161097740095489,0,12.0,10.0
680145970311643136,0,20.0,10.0
680130881361686529,0,20.0,10.0
680115823365742593,0,19.0,10.0
680100725817409536,0,11.0,10.0
680085611152338944,0,12.0,10.0
680070545539371008,0,19.0,10.0
680055455951884288,0,20.0,10.0
679877062409191424,0,15.0,10.0
679872969355714560,0,20.0,10.0
679862121895714818,0,11.0,10.0
679854723806179328,0,17.0,10.0
679844490799091713,0,20.0,10.0
679828447187857408,0,13.0,10.0
679777920601223168,0,20.0,10.0
679736210798047232,0,19.0,10.0
679729593985699840,0,18.0,10.0
679722016581222400,0,18.0,10.0
679530280114372609,0,17.0,10.0
679527802031484928,0,11.0,10.0
679511351870550016,0,17.0,10.0
679503373272485890,0,18.0,10.0
679475951516934144,0,19.0,10.0
679462823135686656,0,11.0,10.0
679405845277462528,0,20.0,10.0
679158373988876288,0,11.0,10.0
679148763231985668,0,18.0,10.0
679132435750195208,0,20.0,10.0
679111216690831360,0,12.0,10.0
679062614270468097,0,11.0,10.0
679047485189439488,0,19.0,10.0
679001094530465792,0,11.0,10.0
678991772295516161,0,12.0,10.0
678969228704284672,0,11.0,10.0
678800283649069056,0,12.0,10.0
678798276842360832,0,17.0,10.0
678774928607469569,0,11.0,10.0
678767140346941444,0,18.0,10.0
678764513869611008,0,20.0,10.0
678755239630127104,0,20.0,10.0
678740035362037760,0,16.0,10.0
678708137298427904,0,20.0,10.0
678675843183484930,0,12.0,10.0
678643457146150913,0,20.0,10.0
678446151570427904,0,20.0,10.0
678424312106393600,0,12.0,10.0
678410210315247616,0,20.0,10.0
678399652199309312,0,12.0,10.0
678396796259975168,0,12.0,10.0
678389028614488064,0,11.0,10.0
678380236862578688,0,20.0,10.0
678341075375947776,0,12.0,10.0
678334497360859136,0,20.0,10.0
678278586130948096,0,20.0,10.0
678255464182861824,0,19.0,10.0
678021115718029313,0,12.0,10.0
677961670166224897,0,11.0,10.0
677918531514703872,0,20.0,10.0
677895101218201600,0,19.0,10.0
677700003327029250,0,20.0,10.0
677698403548192770,0,19.0,10.0
677687604918272002,0,11.0,10.0
677673981332312066,0,19.0,10.0
677662372920729601,0,12.0,10.0
677644091929329666,0,11.0,10.0
677573743309385728,0,20.0,10.0
677565715327688705,0,16.0,10.0
677557565589463040,0,20.0,10.0
677547928504967168,0,12.0,10.0
677530072887205888,0,19.0,10.0
677335745548390400,0,12.0,10.0
677334615166730240,0,19.0,10.0
677331501395156992,0,19.0,10.0
677328882937298944,0,20.0,10.0
677314812125323265,0,20.0,10.0
677314812125323265,1,11.0,10.0
677301033169788928,0,15.0,10.0
677269281705472000,0,20.0,10.0
677228873407442944,0,11.0,10.0
677187300187611136,0,19.0,10.0
676975532580409345,0,11.0,10.0
676957860086095872,0,20.0,10.0
676949632774234114,0,18.0,10.0
676948236477857792,0,16.0,10.0
676946864479084545,0,12.0,10.0
676942428000112642,0,19.0,10.0
676936541936185344,0,18.0,10.0
676916996760600576,0,20.0,10.0
676897532954456065,0,15.0,10.0
676864501615042560,0,20.0,10.0
676821958043033607,0,11.0,10.0
676819651066732545,0,12.0,10.0
676811746707918848,0,19.0,10.0
676776431406465024,0,20.0,10.0
676617503762681856,0,13.0,10.0
676613908052996102,0,12.0,10.0
676606785097199616,0,12.0,10.0
676603393314578432,0,19.0,10.0
676593408224403456,0,11.0,10.0
676588346097852417,0,15.0,10.0
676582956622721024,0,18.0,10.0
676575501977128964,0,18.0,10.0
676533798876651520,0,12.0,10.0
676496375194980353,0,19.0,10.0
676470639084101634,0,11.0,10.0
676440007570247681,0,11.0,10.0
676430933382295552,0,20.0,10.0
676263575653122048,0,20.0,10.0
676237365392908289,0,18.0,10.0
676219687039057920,0,20.0,10.0
676215927814406144,0,19.0,10.0
676191832485810177,0,20.0,10.0
676191832485810177,1,17.0,10.0
676146341966438401,0,20.0,10.0
676121918416756736,0,18.0,10.0
676101918813499392,0,11.0,10.0
676098748976615425,0,13.0,10.0
676089483918516224,0,19.0,10.0
675898130735476737,0,20.0,10.0
675891555769696257,0,16.0,10.0
675888385639251968,0,20.0,10.0
675878199931371520,0,11.0,10.0
675845657354215424,0,20.0,10.0
675822767435051008,0,20.0,10.0
675820929667219457,0,11.0,10.0
675798442703122432,0,20.0,10.0
675781562965868544,0,11.0,10.0
675740360753160193,0,12.0,10.0
675710890956750848,0,12.0,10.0
675706639471788032,0,20.0,10.0
675534494439489536,0,11.0,10.0
675531475945709568,0,20.0,10.0
675522403582218240,0,20.0,10.0
675517828909424640,0,12.0,10.0
675501075957489664,0,13.0,10.0
675497103322386432,0,11.0,10.0
675489971617296384,0,20.0,10.0
675483430902214656,0,15.0,10.0
675432746517426176,0,12.0,10.0
675372240448454658,0,13.0,10.0
675362609739206656,0,12.0,10.0
675354435921575936,0,13.0,10.0
675334060156301312,0,12.0,10.0
675166823650848770,0,20.0,10.0
675153376133427200,0,11.0,10.0
675149409102012420,0,12.0,10.0
675147105808306176,0,20.0,10.0
675146535592706048,0,17.0,10.0
675145476954566656,0,19.0,10.0
675135153782571009,0,15.0,10.0
675113801096802304,0,20.0,10.0
675111688094527488,0,18.0,10.0
675109292475830276,0,19.0,10.0
675047298674663426,0,11.0,10.0
675015141583413248,0,20.0,10.0
675006312288268288,0,20.0,10.0
675003128568291329,0,12.0,10.0
674805413498527744,0,20.0,10.0
674800520222154752,0,11.0,10.0
674790488185167872,0,13.0,10.0
674788554665512960,0,19.0,10.0
674781762103414784,0,18.0,10.0
674774481756377088,0,11.0,10.0
674767892831932416,0,12.0,10.0
674764817387900928,0,20.0,10.0
674752233200820224,0,12.0,10.0
674743008475090944,0,20.0,10.0
674739953134403584,0,11.0,10.0
674737130913071104,0,20.0,10.0
674737130913071104,1,14.0,10.0
674690135443775488,0,13.0,10.0
674670581682434048,0,19.0,10.0
674664755118911488,0,20.0,10.0
674646392044941312,0,15.0,10.0
674646392044941312,1,18.0,10.0
674644256330530816,0,11.0,10.0
674638615994089473,0,12.0,10.0
674632714662858753,0,15.0,10.0
674468880899788800,0,13.0,10.0
674447403907457024,0,20.0,10.0
674436901579923456,0,19.0,10.0
674422304705744896,0,12.0,10.0
674416750885273600,0,20.0,10.0
674410619106390016,0,20.0,10.0
674394782723014656,0,18.0,10.0
674372068062928900,0,20.0,10.0
674318007229923329,0,18.0,10.0
674307341513269249,0,12.0,10.0
674291837063053312,0,11.0,10.0
674271431610523648,0,20.0,10.0
674269164442398721,0,18.0,10.0
674265582246694913,0,12.0,10.0
674262580978937856,0,19.0,10.0
674255168825880576,0,20.0,10.0
674082852460433408,0,11.0,10.0
674075285688614912,0,11.0,10.0
674063288070742018,0,15.0,10.0
674053186244734976,0,20.0,10.0
674051556661161984,0,20.0,10.0
674045139690631169,0,13.0,10.0
674042553264685056,0,12.0,10.0
674038233588723717,0,12.0,10.0
674036086168010753,0,19.0,10.0
674024893172875264,0,20.0,10.0
674019345211760640,0,20.0,10.0
674014384960745472,0,11.0,10.0
674008982932058114,0,20.0,10.0
673956914389192708,0,20.0,10.0
673919437611909120,0,11.0,10.0
673906403526995968,0,13.0,10.0
673887867907739649,0,20.0,10.0
673715861853720576,0,14.0,10.0
673711475735838725,0,20.0,10.0
673709992831262724,0,12.0,10.0
673708611235921920,0,12.0,10.0
673707060090052608,0,20.0,10.0
673705679337693185,0,18.0,10.0
673700254269775872,0,13.0,10.0
673697980713705472,0,18.0,10.0
673689733134946305,0,11.0,10.0
673688752737402881,0,19.0,10.0
673686845050527744,0,11.0,10.0
673680198160809984,0,13.0,10.0
673662677122719744,0,12.0,10.0
673656262056419329,0,20.0,10.0
673636718965334016,0,20.0,10.0
673612854080196609,0,17.0,10.0
673583129559498752,0,11.0,10.0
673580926094458881,0,18.0,10.0
673576835670777856,0,17.0,10.0
673363615379013632,0,11.0,10.0
673359818736984064,0,18.0,10.0
673355879178194945,0,11.0,10.0
673352124999274496,0,12.0,10.0
673350198937153538,0,19.0,10.0
673345638550134785,0,17.0,10.0
673343217010679808,0,11.0,10.0
673342308415348736,0,20.0,10.0
673320132811366400,0,11.0,10.0
673317986296586240,0,20.0,10.0
673295268553605120,0,18.0,10.0
673295268553605120,1,11.0,10.0
673270968295534593,0,11.0,10.0
673240798075449344,0,16.0,10.0
673213039743795200,0,20.0,10.0
673148804208660480,0,18.0,10.0
672997845381865473,0,12.0,10.0
672995267319328768,0,18.0,10.0
672988786805112832,0,20.0,10.0
672984142909456390,0,19.0,10.0
672980819271634944,0,15.0,10.0
672975131468300288,0,20.0,10.0
672970152493887488,0,17.0,10.0
672968025906282496,0,11.0,10.0
672964561327235073,0,20.0,10.0
672902681409806336,0,19.0,10.0
672898206762672129,0,11.0,10.0
672884426393653248,0,16.0,10.0
672877615439593473,0,18.0,10.0
672834301050937345,0,20.0,10.0
672828477930868736,0,19.0,10.0
672640509974827008,0,19.0,10.0
672622327801233409,0,12.0,10.0
672614745925664768,0,16.0,10.0
672609152938721280,0,19.0,10.0
672604026190569472,0,11.0,10.0
672594978741354496,0,19.0,10.0
672591762242805761,0,20.0,10.0
672591271085670400,0,18.0,10.0
672538107540070400,0,17.0,10.0
672523490734551040,0,20.0,10.0
672488522314567680,0,20.0,10.0
672482722825261057,0,20.0,10.0
672481316919734272,0,12.0,10.0
672475084225949696,0,18.0,10.0
672466075045466113,0,12.0,10.0
672272411274932228,0,11.0,10.0
672267570918129665,0,20.0,10.0
672264251789176834,0,20.0,10.0
672256522047614977,0,18.0,10.0
672254177670729728,0,11.0,10.0
672248013293752320,0,20.0,10.0
672248013293752320,1,17.0,10.0
672248013293752320,2,12.0,10.0
672245253877968896,0,12.0,10.0
672239279297454080,0,17.0,10.0
672231046314901505,0,15.0,10.0
672222792075620352,0,19.0,10.0
672205392827572224,0,19.0,10.0
672169685991993344,0,20.0,10.0
672160042234327040,0,18.0,10.0
672139350159835138,0,12.0,10.0
672125275208069120,0,11.0,10.0
672095186491711488,0,19.0,10.0
672082170312290304,0,11.0,10.0
672068090318987265,0,17.0,10.0
671896809300709376,0,20.0,10.0
671891728106971137,0,11.0,10.0
671882082306625538,0,11.0,10.0
671879137494245376,0,15.0,10.0
671874878652489728,0,20.0,10.0
671866342182637568,0,20.0,10.0
671855973984772097,0,18.0,10.0
671789708968640512,0,13.0,10.0
671768281401958400,0,20.0,10.0
671763349865160704,0,19.0,10.0
671744970634719232,0,16.0,10.0
671743150407421952,0,11.0,10.0
671735591348891648,0,11.0,10.0
671561002136281088,0,13.0,10.0
671547767500775424,0,20.0,10.0
671544874165002241,0,16.0,10.0
671542985629241344,0,20.0,10.0
671538301157904385,0,18.0,10.0
671536543010570240,0,19.0,10.0
671533943490011136,0,16.0,10.0
671528761649688577,0,20.0,10.0
671520732782923777,0,20.0,10.0
671518598289059840,0,19.0,10.0
671511350426865664,0,18.0,10.0
671504605491109889,0,11.0,10.0
671497587707535361,0,11.0,10.0
671488513339211776,0,18.0,10.0
671486386088865792,0,20.0,10.0
671485057807351808,0,11.0,10.0
671390180817915904,0,17.0,10.0
671362598324076544,0,11.0,10.0
671357843010908160,0,19.0,10.0
671355857343524864,0,20.0,10.0
671347597085433856,0,19.0,10.0
671186162933985280,0,20.0,10.0
671182547775299584,0,12.0,10.0
671166507850801152,0,20.0,10.0
671163268581498880,0,18.0,10.0
671159727754231808,0,15.0,10.0
671154572044468225,0,11.0,10.0
671154572044468225,1,18.0,10.0
671151324042559489,0,12.0,10.0
671147085991960577,0,19.0,10.0
671141549288370177,0,19.0,10.0
671138694582165504,0,20.0,10.0
671134062904504320,0,18.0,10.0
671122204919246848,0,14.0,10.0
671115716440031232,0,16.0,10.0
671109016219725825,0,18.0,10.0
670995969505435648,0,12.0,10.0
670840546554966016,0,20.0,10.0
670838202509447168,0,14.0,10.0
670833812859932673,0,17.0,10.0
670832455012716544,0,20.0,10.0
670826280409919488,0,12.0,10.0
670823764196741120,0,12.0,10.0
670822709593571328,0,20.0,10.0
670815497391357952,0,20.0,10.0
670811965569282048,0,20.0,10.0
670807719151067136,0,11.0,10.0
670804601705242624,0,20.0,10.0
670803562457407488,0,20.0,10.0
670797304698376195,0,11.0,10.0
670792680469889025,0,17.0,10.0
670789397210615808,0,19.0,10.0
670786190031921152,0,18.0,10.0
670783437142401025,0,11.0,10.0
670782429121134593,0,15.0,10.0
670780561024270336,0,17.0,10.0
670778058496974848,0,20.0,10.0
670764103623966721,0,20.0,10.0
670755717859713024,0,19.0,10.0
670733412878163972,0,18.0,10.0
670727704916926465,0,20.0,10.0
670717338665226240,0,12.0,10.0
670704688707301377,0,16.0,10.0
670691627984359425,0,18.0,10.0
670679630144274432,0,18.0,10.0
670676092097810432,0,18.0,10.0
670668383499735048,0,20.0,10.0
670474236058800128,0,20.0,10.0
670468609693655041,0,20.0,10.0
670465786746662913,0,17.0,10.0
670452855871037440,0,11.0,10.0
670449342516494336,0,15.0,10.0
670444955656130560,0,20.0,10.0
670442337873600512,0,11.0,10.0
670435821946826752,0,20.0,10.0
670434127938719744,0,11.0,10.0
670434127938719744,1,18.0,10.0
670433248821026816,0,20.0,10.0
670428280563085312,0,11.0,10.0
670427002554466305,0,19.0,10.0
670421925039075328,0,12.0,10.0
670420569653809152,0,20.0,10.0
670417414769758208,0,16.0,10.0
670411370698022913,0,12.0,10.0
670408998013820928,0,20.0,10.0
670403879788544000,0,20.0,10.0
670385711116361728,0,18.0,10.0
670374371102445568,0,12.0,10.0
670361874861563904,0,19.0,10.0
670338931251150849,0,20.0,10.0
670319130621435904,0,11.0,10.0
670303360680108032,0,19.0,10.0
670290420111441920,0,11.0,10.0
670093938074779648,0,19.0,10.0
670086499208155136,0,20.0,10.0
670079681849372674,0,20.0,10.0
670073503555706880,0,20.0,10.0
670069087419133954,0,15.0,10.0
670061506722140161,0,11.0,10.0
670055038660800512,0,13.0,10.0
670046952931721218,0,11.0,10.0
670040295598354432,0,20.0,10.0
670037189829525505,0,15.0,10.0
670003130994700288,0,20.0,10.0
669993076832759809,0,19.0,10.0
669972011175813120,0,20.0,10.0
669970042633789440,0,20.0,10.0
669942763794931712,0,11.0,10.0
669926384437997569,0,12.0,10.0
669923323644657664,0,20.0,10.0
669753178989142016,0,20.0,10.0
669749430875258880,0,18.0,10.0
669683899023405056,0,20.0,10.0
669682095984410625,0,19.0,10.0
669680153564442624,0,18.0,10.0
669661792646373376,0,15.0,10.0
669625907762618368,0,12.0,10.0
669603084620980224,0,20.0,10.0
669597912108789760,0,20.0,10.0
669583744538451968,0,16.0,10.0
669573570759163904,0,20.0,10.0
669571471778410496,0,17.0,10.0
669567591774625800,0,19.0,10.0
669564461267722241,0,20.0,10.0
669393256313184256,0,20.0,10.0
669375718304980992,0,16.0,10.0
669371483794317312,0,20.0,10.0
669367896104181761,0,20.0,10.0
669363888236994561,0,20.0,10.0
669359674819481600,0,11.0,10.0
669354382627049472,0,18.0,10.0
669351434509529089,0,20.0,10.0
669328503091937280,0,12.0,10.0
669327207240699904,0,13.0,10.0
669324657376567296,0,11.0,10.0
669216679721873412,0,18.0,10.0
669214165781868544,0,20.0,10.0
669203728096960512,0,19.0,10.0
669037058363662336,0,20.0,10.0
669037058363662336,1,17.0,10.0
669015743032369152,0,20.0,10.0
669006782128353280,0,12.0,10.0
669000397445533696,0,11.0,10.0
668994913074286592,0,15.0,10.0
668992363537309700,0,18.0,10.0
668989615043424256,0,13.0,10.0
668988183816871936,0,17.0,10.0
668986018524233728,0,19.0,10.0
668981893510119424,0,14.0,10.0
668979806671884288,0,12.0,10.0
668975677807423489,0,11.0,10.0
668960084974809088,0,20.0,10.0
668955713004314625,0,20.0,10.0
668932921458302977,0,19.0,10.0
668902994700836864,0,11.0,10.0
668892474547511297,0,11.0,10.0
668872652652679168,0,11.0,10.0
668852170888998912,0,11.0,10.0
668826086256599040,0,20.0,10.0
668815180734689280,0,17.0,10.0
668779399630725120,0,20.0,10.0
668655139528511488,0,11.0,10.0
668645506898350081,0,11.0,10.0
668643542311546881,0,13.0,10.0
668641109086707712,0,20.0,10.0
668636665813057536,0,20.0,10.0
668633411083464705,0,20.0,10.0
668631377374486528,0,15.0,10.0
668627278264475648,0,19.0,10.0
668625577880875008,0,20.0,10.0
668623201287675904,0,20.0,10.0
668620235289837568,0,20.0,10.0
668614819948453888,0,17.0,10.0
668587383441514497,0,13.0,10.0
668567822092664832,0,11.0,10.0
668544745690562560,0,20.0,10.0
668542336805281792,0,20.0,10.0
668537837512433665,0,18.0,10.0
668537837512433665,1,11.0,10.0
668528771708952576,0,12.0,10.0
668507509523615744,0,20.0,10.0
668496999348633600,0,18.0,10.0
668484198282485761,0,19.0,10.0
668480044826800133,0,11.0,10.0
668466899341221888,0,14.0,10.0
668297328638447616,0,19.0,10.0
668291999406125056,0,20.0,10.0
668286279830867968,0,11.0,10.0
668274247790391296,0,20.0,10.0
668268907921326080,0,20.0,10.0
668256321989451776,0,13.0,10.0
668248472370458624,0,18.0,10.0
668237644992782336,0,20.0,10.0
668226093875376128,0,20.0,10.0
668221241640230912,0,20.0,10.0
668204964695683073,0,18.0,10.0
668190681446379520,0,12.0,10.0
668171859951755264,0,17.0,10.0
668154635664932864,0,19.0,10.0
668142349051129856,0,12.0,10.0
668113020489474048,0,16.0,10.0
667937095915278337,0,13.0,10.0
667924896115245057,0,19.0,10.0
667915453470232577,0,20.0,10.0
667911425562669056,0,15.0,10.0
667902449697558528,0,19.0,10.0
667886921285246976,0,11.0,10.0
667885044254572545,0,20.0,10.0
667878741721415682,0,12.0,10.0
667873844930215936,0,20.0,10.0
667866724293877760,0,20.0,10.0
667861340749471744,0,19.0,10.0
667832474953625600,0,12.0,10.0
667806454573760512,0,20.0,10.0
667801013445750784,0,12.0,10.0
667793409583771648,0,18.0,10.0
667782464991965184,0,19.0,10.0
667773195014021121,0,18.0,10.0
667766675769573376,0,19.0,10.0
667728196545200128,0,11.0,10.0
667724302356258817,0,17.0,10.0
667549055577362432,0,11.0,10.0
667546741521195010,0,19.0,10.0
667544320556335104,0,20.0,10.0
667544320556335104,1,14.0,10.0
667538891197542400,0,19.0,10.0
667534815156183040,0,18.0,10.0
667530908589760512,0,20.0,10.0
667524857454854144,0,12.0,10.0
667517642048163840,0,18.0,10.0
667509364010450944,0,12.0,10.0
667502640335572993,0,11.0,10.0
667495797102141441,0,19.0,10.0
667491009379606528,0,17.0,10.0
667491009379606528,1,18.0,10.0
667470559035432960,0,11.0,10.0
667455448082227200,0,17.0,10.0
667453023279554560,0,11.0,10.0
667443425659232256,0,16.0,10.0
667437278097252352,0,20.0,10.0
667435689202614272,0,12.0,10.0
667405339315146752,0,17.0,10.0
667393430834667520,0,18.0,10.0
667369227918143488,0,20.0,10.0
667211855547486208,0,19.0,10.0
667200525029539841,0,11.0,10.0
667192066997374976,0,12.0,10.0
667188689915760640,0,20.0,10.0
667182792070062081,0,20.0,10.0
667177989038297088,0,18.0,10.0
667176164155375616,0,14.0,10.0
667174963120574464,0,19.0,10.0
667171260800061440,0,20.0,10.0
667165590075940865,0,20.0,10.0
667160273090932737,0,11.0,10.0
667152164079423490,0,12.0,10.0
667138269671505920,0,20.0,10.0
667119796878725120,0,20.0,10.0
667090893657276420,0,17.0,10.0
667073648344346624,0,20.0,10.0
667065535570550784,0,18.0,10.0
667062181243039745,0,20.0,10.0
667044094246576128,0,12.0,10.0
667012601033924608,0,19.0,10.0
666996132027977728,0,20.0,10.0
666983947667116034,0,11.0,10.0
666837028449972224,0,13.0,10.0
666835007768551424,0,20.0,10.0
666835007768551424,1,20.0,10.0
666826780179869698,0,12.0,10.0
666817836334096384,0,19.0,10.0
666804364988780544,0,18.0,10.0
666786068205871104,0,12.0,10.0
666781792255496192,0,20.0,10.0
666776908487630848,0,15.0,10.0
666739327293083650,0,20.0,10.0
666701168228331520,0,18.0,10.0
666691418707132416,0,18.0,10.0
666649482315059201,0,14.0,10.0
666644823164719104,0,19.0,10.0
666454714377183233,0,20.0,10.0
666447344410484738,0,19.0,10.0
666437273139982337,0,17.0,10.0
666435652385423360,0,20.0,10.0
666430724426358785,0,16.0,10.0
666428276349472768,0,17.0,10.0
666421158376562688,0,12.0,10.0
666418789513326592,0,20.0,10.0
666411507551481857,0,12.0,10.0
666407126856765440,0,17.0,10.0
666396247373291520,0,19.0,10.0
666373753744588802,0,11.0,10.0
666362758909284353,0,16.0,10.0
666353288456101888,0,18.0,10.0
666345417576210432,0,20.0,10.0
666337882303524864,0,19.0,10.0
666293911632134144,0,13.0,10.0
666287406224695296,1,19.0,10.0
666273097616637952,0,11.0,10.0
666268910803644416,0,20.0,10.0
666104133288665088,0,11.0,10.0
666102155909144576,0,11.0,10.0
666099513787052032,0,18.0,10.0
666094000022159362,0,19.0,10.0
666082916733198337,0,16.0,10.0
666073100786774016,0,20.0,10.0
666071193221509120,0,19.0,10.0
666063827256086533,0,20.0,10.0
666058600524156928,0,18.0,10.0
666057090499244032,0,19.0,10.0
666055525042405380,0,20.0,10.0
666051853826850816,0,12.0,10.0
666050758794694657,0,20.0,10.0
666049248165822465,0,15.0,10.0
666044226329800704,0,16.0,10.0
666033412701032449,0,19.0,10.0
666029285002620928,0,17.0,10.0
666020888022790149,0,18.0,10.0
